RMSE,MAE,R2,intercepto_norm,intercepto
19.355093381820893,14.475497938878666,0.4898135985982176,178.87426273458448,105.2060444690266
